age,education_num,capital_gain,marital_status_Married,marital_status_Single,workclass_Private,workclass_Self-emp,income
19,16,7920,False,False,True,False,1
38,1,7636,False,True,False,False,1
45,3,2324,False,False,True,False,1
61,15,4599,False,True,False,False,0
40,13,2576,True,False,False,False,1
24,8,9014,False,True,True,False,1
22,3,4803,False,True,False,False,0
26,12,1278,False,True,True,False,0
59,11,4411,True,False,False,False,1
52,3,2469,True,False,False,False,1
25,10,5460,False,True,False,True,0
29,5,3001,True,False,False,True,0
61,12,9666,False,True,False,True,1
26,9,8709,False,True,False,True,0
60,3,9020,True,False,False,False,1
62,10,9862,True,False,False,True,1
19,2,771,False,True,False,True,0
28,13,920,False,False,False,False,0
34,11,4586,False,True,False,False,0
57,14,4748,True,False,False,True,1
60,7,4656,True,False,False,False,1
52,4,62,False,True,True,False,1
57,9,4419,True,False,True,False,1
56,4,7812,True,False,False,True,1
54,5,817,False,True,True,False,1
27,16,8383,True,False,False,True,1
41,10,4156,True,False,False,False,1
55,4,6461,True,False,False,False,1
63,2,6506,True,False,False,False,1
36,2,356,False,True,True,False,1
21,2,8887,False,True,False,False,0
20,13,4640,False,False,True,False,0
61,9,9509,False,True,False,False,1
27,7,7050,False,True,False,False,0
32,4,3565,False,True,True,False,1
54,5,7108,False,True,True,False,1
48,2,3311,True,False,True,False,1
57,13,7778,True,False,True,False,1
36,8,2022,False,True,True,False,1
63,12,2327,False,True,False,False,0
40,9,6297,False,True,False,False,1
28,1,5305,False,True,True,False,1
24,4,6607,True,False,False,False,1
43,15,9387,False,True,True,False,1
40,1,886,False,False,True,False,1
25,14,2149,True,False,True,False,1
42,13,4136,False,True,False,True,0
33,3,7162,False,False,True,False,1
58,11,4124,False,False,False,False,0
54,13,9754,True,False,True,False,1
56,10,482,False,True,True,False,1
52,4,2454,True,False,False,False,1
26,4,122,False,False,True,False,0
52,2,9388,False,True,True,False,1
57,12,3115,False,True,False,True,0
32,6,3200,False,False,True,False,1
26,2,444,False,True,False,True,0
41,8,3228,True,False,False,True,1
26,2,403,True,False,False,True,0
43,12,594,False,True,True,False,1
50,10,6281,False,True,False,False,1
59,15,3353,False,True,True,False,1
54,14,699,False,False,False,True,1
25,15,5965,False,False,False,False,0
18,8,1046,False,False,False,False,0
30,12,7035,False,False,True,False,1
47,7,4327,True,False,False,True,1
51,10,3825,True,False,True,False,1
39,3,8896,True,False,True,False,1
45,2,4076,False,False,False,False,0
60,16,8909,False,True,True,False,1
33,8,7232,False,False,False,True,1
21,5,4633,False,True,False,False,0
20,12,1662,True,False,False,True,0
43,3,5319,True,False,True,False,1
44,4,370,False,False,False,True,0
39,7,1032,False,False,True,False,1
28,3,3240,False,True,False,True,0
53,13,9913,False,True,False,True,1
26,11,7531,True,False,True,False,1
43,11,2831,False,False,False,False,1
58,2,6590,True,False,True,False,1
26,16,2117,False,True,True,False,0
38,9,9706,True,False,False,False,1
57,3,5220,False,False,False,True,1
57,12,5474,True,False,False,False,1
29,11,4189,False,True,True,False,0
50,11,9498,False,True,False,True,1
55,3,5970,False,True,True,False,1
45,3,3907,False,False,False,False,0
57,7,2093,False,False,False,False,0
47,16,7819,False,True,True,False,1
28,2,7577,False,True,True,False,1
39,1,9751,False,False,False,False,1
28,11,5507,False,True,False,True,0
39,2,9172,False,False,True,False,1
64,15,1248,False,False,False,True,0
21,4,1639,True,False,False,False,0
33,11,5296,True,False,False,True,1
34,6,9411,True,False,False,True,1
20,3,6206,True,False,False,True,1
18,14,6712,False,False,False,False,0
35,9,5512,False,False,False,True,1
28,5,9988,False,False,True,False,1
45,10,8793,False,False,False,False,1
40,9,9644,True,False,True,False,1
47,5,6000,False,True,True,False,1
63,7,1243,True,False,False,False,1
55,10,6458,False,True,False,False,1
60,3,2113,True,False,False,False,1
24,15,7507,False,False,False,True,0
44,14,3268,True,False,False,True,1
24,9,2490,False,True,True,False,0
47,14,4185,False,True,True,False,1
46,14,3505,False,True,False,True,0
33,4,8281,True,False,False,True,1
49,15,8442,False,True,False,True,1
35,7,2697,True,False,False,True,1
40,15,2914,False,True,False,False,0
40,6,4180,False,True,False,True,0
35,7,3742,False,False,True,False,1
53,10,3420,False,True,True,False,1
60,3,2602,False,True,True,False,1
21,10,5369,False,True,False,True,0
53,2,9330,False,False,False,True,1
31,8,9524,False,True,False,False,1
18,1,8687,True,False,False,False,1
26,2,4495,False,True,False,False,0
34,7,3141,False,True,True,False,1
18,16,985,False,False,False,False,0
22,5,6685,True,False,True,False,1
54,8,8666,False,True,False,True,1
39,9,5772,False,False,False,False,1
58,2,1374,False,True,True,False,1
34,9,9830,True,False,False,False,1
60,13,501,False,True,False,False,0
36,14,6684,True,False,False,True,1
34,4,6983,False,False,False,True,1
22,2,6615,True,False,True,False,1
21,7,3198,False,True,True,False,1
33,11,4096,False,True,False,False,0
18,15,7449,True,False,True,False,1
34,12,904,True,False,False,False,1
48,7,4504,False,False,False,False,0
18,9,8843,False,True,False,False,0
57,5,7762,False,True,True,False,1
63,14,9643,False,False,True,False,1
53,9,5557,False,False,True,False,1
61,3,7796,False,True,False,True,1
22,5,7493,False,True,False,False,0
50,15,4992,False,False,False,False,1
57,11,5966,False,True,False,True,1
49,15,5182,True,False,False,False,1
22,13,2993,False,False,True,False,0
38,1,4181,True,False,False,False,1
63,11,2984,False,False,True,False,1
29,7,3224,False,False,False,False,0
55,10,6618,False,True,True,False,1
28,13,7767,False,True,True,False,1
39,8,2270,False,False,False,True,0
23,3,7494,True,False,True,False,1
50,12,9471,True,False,False,False,1
31,6,5814,False,True,False,True,1
34,7,4164,False,False,False,True,0
27,4,2362,True,False,False,False,0
18,13,8505,False,True,False,False,0
21,5,29,True,False,False,True,0
25,15,6611,True,False,False,True,1
58,1,215,False,False,True,False,1
56,15,3493,False,False,False,True,0
22,8,2943,False,False,True,False,1
56,11,8872,False,False,True,False,1
25,15,6216,False,True,True,False,1
30,9,6359,True,False,False,True,1
43,12,8757,False,True,False,False,1
42,1,652,False,False,True,False,1
52,3,4895,False,False,True,False,1
56,11,6558,True,False,False,False,1
52,14,617,False,True,True,False,1
39,3,7346,False,True,False,False,1
36,15,1611,False,False,True,False,1
31,6,958,True,False,False,True,1
32,9,263,False,True,True,False,1
25,16,5796,True,False,False,False,1
61,9,7061,True,False,False,False,1
63,10,8043,False,True,True,False,1
52,13,5161,False,False,False,True,1
24,5,3461,True,False,True,False,1
40,13,2770,False,False,True,False,1
33,13,3216,False,True,False,True,0
33,10,2694,False,False,False,True,0
45,11,2460,False,False,True,False,1
23,11,7224,True,False,False,False,1
34,14,9401,False,False,False,True,1
49,2,7405,False,True,False,True,1
59,12,879,True,False,False,False,1
47,12,1661,True,False,True,False,1
41,9,3704,False,True,False,True,0
53,12,4641,True,False,False,True,1
34,16,4430,False,True,False,True,0
30,11,7654,False,False,False,False,0
34,8,1056,False,True,False,True,0
31,10,6087,False,True,False,True,1
47,15,4516,False,False,False,False,1
43,4,6288,True,False,True,False,1
63,15,8010,True,False,False,True,1
58,2,9984,True,False,False,True,1
23,15,3594,False,False,False,False,0
19,11,8430,False,True,False,False,0
37,6,5597,False,True,False,False,1
43,8,8814,True,False,False,True,1
49,10,7284,True,False,False,True,1
20,5,950,False,False,True,False,0
53,10,8695,False,False,True,False,1
44,9,6801,False,True,False,False,1
52,4,7467,False,False,True,False,1
48,16,7169,False,False,True,False,1
26,16,2009,False,True,False,True,0
32,1,8231,False,False,False,False,1
46,8,6959,False,True,True,False,1
64,12,6301,False,True,True,False,1
24,11,5746,False,True,False,True,0
19,2,3100,False,False,False,False,0
29,10,346,False,True,False,True,0
54,10,4256,False,False,True,False,1
32,12,1821,True,False,False,False,1
38,4,3723,False,True,False,True,0
55,12,8121,True,False,False,True,1
44,8,8063,True,False,True,False,1
54,6,7680,False,True,False,False,1
22,14,9564,False,True,True,False,1
50,1,3406,False,True,False,False,0
35,1,944,False,False,True,False,1
46,5,6183,True,False,False,True,1
50,7,1728,True,False,False,False,1
41,12,528,False,False,False,False,0
58,14,1580,False,False,True,False,1
30,15,9340,False,True,False,False,0
45,2,8635,True,False,False,True,1
26,3,8194,False,False,False,True,0
49,14,7952,True,False,False,False,1
32,15,9858,True,False,True,False,1
62,1,1541,False,True,True,False,1
62,1,1122,False,False,False,True,0
19,16,8594,False,False,False,False,0
59,14,7320,True,False,True,False,1
31,11,7174,True,False,False,True,1
32,4,4896,False,False,False,False,0
56,15,9119,False,False,False,False,1
18,5,8739,False,False,True,False,1
45,14,9956,False,True,True,False,1
43,3,2070,True,False,False,False,1
41,3,2336,False,True,False,False,0
25,9,9630,True,False,False,False,1
52,2,1747,False,False,True,False,1
44,14,4277,True,False,True,False,1
24,2,4812,False,False,True,False,1
54,8,1741,True,False,True,False,1
42,3,2140,False,False,True,False,1
37,5,6621,False,False,True,False,1
42,1,7683,True,False,False,False,1
44,5,5801,False,True,False,True,1
30,2,2091,False,False,True,False,0
31,9,8200,False,True,False,True,1
25,11,3471,False,False,False,False,0
32,11,8086,False,True,False,True,1
41,2,7356,False,True,False,False,1
59,15,2154,False,False,False,True,0
43,10,6290,False,True,False,True,1
40,11,8410,True,False,False,True,1
61,2,3329,False,True,False,False,0
62,8,5418,False,False,False,False,1
42,8,8883,False,False,True,False,1
26,2,8337,False,False,False,False,1
44,13,9811,False,True,False,False,1
45,1,9368,False,False,False,True,1
37,16,3836,False,True,False,True,0
36,15,8857,False,True,True,False,1
56,16,2870,False,True,False,True,0
22,2,7289,False,True,True,False,1
21,3,8726,False,False,True,False,1
25,11,5651,True,False,False,True,1
23,4,5044,False,False,False,False,0
51,12,2558,True,False,False,False,1
30,4,4140,True,False,False,True,0
44,4,2556,False,False,False,False,0
20,7,6502,False,True,True,False,1
29,1,4353,False,True,True,False,0
54,11,5679,True,False,False,True,1
20,6,4557,False,True,True,False,0
30,15,4172,False,True,False,False,0
58,4,5426,False,False,False,True,1
49,4,8427,False,True,False,False,1
50,9,1982,True,False,True,False,1
26,13,1565,False,False,False,True,0
30,5,9553,True,False,False,True,1
35,5,9472,True,False,False,False,1
39,11,5192,True,False,False,True,1
38,7,6712,False,True,False,True,1
56,10,58,False,True,False,False,0
37,1,632,True,False,True,False,1
54,8,1552,False,False,False,True,0
28,1,214,True,False,True,False,1
55,12,1434,False,False,False,True,0
63,13,492,False,False,True,False,1
29,4,8027,False,True,False,False,0
38,3,3911,False,False,True,False,1
21,7,8395,True,False,True,False,1
51,13,2523,False,False,False,False,1
38,1,2039,True,False,True,False,1
59,11,1946,True,False,False,False,1
34,15,6043,True,False,False,True,1
25,3,1118,False,True,False,True,0
26,11,575,True,False,False,True,0
21,11,742,False,False,True,False,0
57,14,7046,False,False,False,True,1
29,7,3241,False,True,False,False,0
37,4,7752,False,False,False,True,1
23,8,4041,True,False,False,True,0
56,9,4545,False,True,False,True,0
19,13,4037,False,False,False,False,0
32,11,1634,True,False,False,False,1
37,1,644,True,False,True,False,1
44,4,1327,False,True,False,False,0
31,3,6385,False,False,False,False,1
64,5,1915,False,True,True,False,1
47,3,7564,False,True,False,True,1
35,13,5738,False,False,False,True,1
47,10,4050,False,False,False,False,0
42,4,6963,True,False,True,False,1
41,9,7384,False,False,False,True,1
54,2,6677,False,True,False,True,1
59,4,4727,False,True,False,True,0
22,12,5721,True,False,False,True,1
53,15,5952,False,False,False,False,1
39,3,7291,False,False,False,False,1
42,10,115,False,True,False,True,0
52,2,8950,False,True,False,False,1
32,12,7761,False,True,False,False,1
19,3,1714,False,True,True,False,0
37,14,8406,False,True,True,False,1
26,16,5392,True,False,False,True,1
43,15,4292,True,False,True,False,1
42,10,7440,False,True,False,True,1
18,7,640,False,False,True,False,0
36,4,6698,False,True,False,True,1
55,8,7786,False,False,True,False,1
58,2,6390,True,False,False,False,1
23,5,3949,False,True,False,False,0
59,9,5762,False,False,True,False,1
53,4,4445,True,False,False,True,1
54,13,8816,True,False,True,False,1
53,9,8901,False,True,False,True,1
44,1,8078,True,False,False,False,1
22,14,5044,False,False,False,False,0
34,2,1766,True,False,False,False,1
52,1,8863,False,True,True,False,1
49,9,5798,False,True,True,False,1
41,14,4828,True,False,False,False,1
31,10,1885,False,True,True,False,1
41,11,4965,True,False,False,False,1
56,2,1304,True,False,False,True,1
30,11,9355,False,False,True,False,1
33,8,1423,False,False,False,False,0
25,8,4310,False,True,False,True,0
32,9,532,False,False,True,False,1
28,1,5459,True,False,True,False,1
27,2,9850,False,False,False,True,0
60,5,7670,False,False,False,True,1
27,4,8850,True,False,True,False,1
23,16,6529,False,True,False,False,0
48,10,9890,False,True,False,False,1
19,13,6197,False,True,True,False,1
21,10,7273,False,True,False,False,0
38,12,3163,True,False,False,False,1
63,2,3086,False,True,True,False,1
57,10,8391,False,False,False,True,1
60,4,4498,False,True,False,True,0
27,8,7864,False,False,True,False,1
20,4,2973,False,False,False,True,0
64,5,8886,True,False,False,False,1
22,1,3322,True,False,True,False,1
42,15,1837,False,True,False,True,0
42,4,4784,False,False,True,False,1
37,16,5366,True,False,True,False,1
58,2,9732,False,False,False,False,1
20,1,1680,True,False,False,True,1
62,11,1971,False,True,False,True,0
61,1,4648,False,True,False,True,0
44,14,4538,False,False,False,True,1
59,13,867,False,True,True,False,1
33,12,2968,True,False,True,False,1
62,10,8733,False,False,False,True,1
37,14,8574,True,False,False,True,1
23,3,7768,True,False,False,False,1
32,1,4835,False,True,True,False,1
25,16,5363,True,False,False,True,1
23,10,3259,True,False,False,True,0
46,6,8685,False,True,True,False,1
33,8,1812,False,False,False,False,0
19,10,1160,True,False,False,False,1
20,7,5334,False,False,False,True,0
50,4,6488,True,False,False,False,1
42,10,2289,False,False,False,True,0
38,14,3184,False,False,True,False,1
53,5,4367,False,True,False,False,0
19,9,9612,False,True,False,True,1
55,15,9544,False,True,True,False,1
63,1,5841,True,False,True,False,1
46,15,9430,False,False,False,True,1
51,3,7346,True,False,False,True,1
47,15,8715,False,True,False,False,1
57,5,2146,False,True,True,False,1
59,3,4966,False,False,False,False,1
33,14,7041,True,False,False,False,1
48,8,2641,True,False,False,True,1
25,12,1234,True,False,False,False,0
29,8,567,False,False,True,False,0
29,16,2729,False,True,False,True,0
38,1,7168,True,False,False,False,1
21,12,9963,False,True,True,False,1
19,4,1496,True,False,False,True,0
61,14,1151,False,True,True,False,1
41,15,2971,True,False,False,True,1
41,16,2612,False,True,False,False,0
30,12,8441,False,False,False,True,0
51,5,9634,False,False,False,False,1
57,8,8091,False,True,False,False,1
27,15,8145,False,False,False,True,0
20,16,1845,False,False,False,False,0
28,7,9443,True,False,False,True,1
35,9,4453,True,False,True,False,1
37,10,3559,False,True,True,False,1
39,12,3315,False,False,False,True,0
40,12,549,False,True,False,True,0
23,16,4234,False,False,True,False,0
44,5,7246,False,True,False,False,1
49,4,3757,False,False,False,False,0
51,11,6110,False,False,False,True,1
58,15,1459,True,False,False,True,1
29,16,206,False,True,False,True,0
42,15,6757,False,False,False,True,1
58,3,7583,False,True,True,False,1
58,4,5528,False,False,True,False,1
18,16,2582,False,False,True,False,0
60,13,9462,False,True,False,True,1
43,2,7998,True,False,False,True,1
30,15,2801,False,False,True,False,0
27,6,9236,True,False,True,False,1
43,4,5381,True,False,False,True,1
23,15,1266,False,True,True,False,0
32,5,7533,True,False,False,True,1
32,1,7274,False,True,False,True,1
33,8,2130,True,False,False,True,1
38,6,2591,False,False,False,False,0
44,14,1435,False,True,False,True,0
45,9,6271,False,False,False,True,1
31,16,6612,True,False,False,False,1
22,14,5006,True,False,False,False,1
35,10,3663,False,False,True,False,1
43,2,8686,False,False,False,False,1
45,1,5065,True,False,True,False,1
37,10,4919,False,True,False,False,0
27,14,5426,False,False,False,True,1
48,3,9457,False,True,True,False,1
40,6,9436,True,False,True,False,1
60,14,728,False,True,True,False,1
46,8,2847,True,False,True,False,1
62,8,518,False,False,False,True,0
19,9,2237,True,False,False,True,0
20,7,92,False,False,False,True,0
46,5,5400,False,False,False,True,1
33,8,7673,False,True,False,True,1
57,2,1495,False,False,False,True,0
23,10,9073,False,True,True,False,1
38,13,1248,False,True,False,False,0
40,3,2974,False,False,True,False,1
24,1,3019,False,True,True,False,0
32,15,4579,False,False,False,False,0
62,5,1001,True,False,False,False,1
26,10,2353,False,False,False,False,0
28,14,8551,False,False,False,False,0
35,15,4463,False,True,False,False,0
48,16,1971,False,False,False,False,0
28,7,3695,False,True,True,False,1
38,9,8815,False,False,False,False,1
43,16,3736,False,True,False,False,0
42,4,8536,True,False,False,False,1
63,4,6830,False,True,False,False,1
63,1,867,False,False,True,False,1
60,5,7948,False,False,True,False,1
48,11,9664,False,False,True,False,1
62,11,657,False,False,True,False,1
40,15,5193,False,False,False,False,1
45,13,6097,False,True,False,True,1
64,10,3609,False,True,False,True,0
64,11,6814,False,True,False,True,1
45,3,1446,False,True,False,True,0
28,5,8787,False,True,False,True,0
25,6,9027,False,True,False,False,0
59,11,5084,False,False,True,False,1
49,12,1192,True,False,False,False,1
19,4,933,False,True,False,False,0
47,6,5824,False,False,False,False,1
42,12,2751,False,True,False,True,0
40,1,5782,False,True,False,False,1
21,10,5230,True,False,False,False,1
26,15,9670,False,False,False,True,1
41,13,5923,True,False,False,False,1
41,8,7689,False,True,False,True,1
31,7,8430,False,False,False,True,1
62,12,3667,True,False,True,False,1
46,16,5720,False,False,False,False,1
48,8,7830,False,False,True,False,1
43,2,9233,False,False,True,False,1
59,13,1837,False,False,True,False,1
64,9,1347,False,False,True,False,1
23,9,2926,False,False,True,False,0
29,2,7299,False,True,True,False,1
19,11,858,False,True,True,False,0
56,9,3392,True,False,True,False,1
63,1,1326,False,True,False,True,0
31,3,79,True,False,False,True,1
49,15,5025,False,False,True,False,1
34,7,1884,True,False,False,False,1
44,8,6732,False,True,False,False,1
38,3,350,False,True,False,False,0
23,12,3311,True,False,False,False,0
44,14,8570,False,False,True,False,1
46,8,9595,True,False,False,True,1
32,11,1303,False,True,False,False,0
49,8,2872,False,True,True,False,1
53,6,9954,True,False,False,False,1
37,4,461,False,False,False,False,0
59,15,1312,False,False,False,True,0
31,5,8148,False,False,True,False,1
62,5,4306,False,False,False,False,0
43,16,9033,False,True,False,True,1
37,8,1827,False,True,False,True,0
44,14,3623,True,False,False,False,1
29,4,9380,False,True,False,False,0
21,2,5998,True,False,False,False,1
20,9,9609,False,True,True,False,1
23,3,5758,True,False,False,False,1
57,12,334,False,True,True,False,1
47,12,6123,True,False,True,False,1
64,15,2103,False,False,False,False,0
27,7,662,True,False,True,False,1
54,5,4132,False,True,False,True,0
46,16,7004,False,False,False,False,1
64,1,7525,False,False,False,True,1
45,7,1138,False,True,False,False,1
46,13,5662,True,False,True,False,1
63,15,6515,True,False,False,False,1
63,8,1425,False,True,False,False,0
40,6,301,True,False,True,False,1
47,11,7904,False,False,True,False,1
37,7,9265,True,False,False,False,1
36,16,9917,False,True,False,True,1
52,5,3745,True,False,False,False,1
36,3,6339,False,False,True,False,1
37,10,8923,True,False,False,False,1
40,15,7536,False,True,False,True,1
20,5,6064,False,True,False,False,1
64,1,6893,True,False,True,False,1
64,7,3878,True,False,False,True,1
35,1,9930,False,True,False,False,1
38,7,5588,False,True,False,False,1
47,1,9839,False,False,True,False,1
38,13,2981,True,False,False,True,1
56,11,7512,False,True,False,False,1
27,11,1170,False,False,False,True,0
20,13,6995,False,True,False,False,0
39,13,9196,False,True,False,False,1
46,5,7036,False,True,True,False,1
29,11,4166,False,False,False,False,0
21,3,7886,False,False,True,False,1
46,7,9015,True,False,True,False,1
62,3,3365,False,True,True,False,1
54,15,3071,False,False,False,True,0
54,6,272,False,True,False,False,0
45,9,7391,False,False,True,False,1
43,14,660,False,True,False,True,1
36,2,1244,True,False,True,False,1
31,10,6435,False,True,True,False,1
59,5,7261,False,False,True,False,1
57,7,754,False,False,True,False,1
42,13,8427,False,False,False,False,1
29,9,7542,False,True,False,False,0
58,7,188,True,False,True,False,1
29,10,5628,False,False,False,False,0
20,4,7890,False,False,False,True,0
34,3,9817,True,False,True,False,1
31,1,1682,False,True,True,False,1
57,13,1081,True,False,True,False,1
42,5,4228,False,False,True,False,1
54,13,9116,True,False,False,False,1
32,11,6469,False,False,False,False,1
60,13,6065,True,False,False,True,1
35,6,7609,False,True,True,False,1
48,1,6308,True,False,True,False,1
30,9,3150,False,False,True,False,0
27,10,1206,False,False,False,False,0
19,8,1188,False,True,False,True,0
48,6,3705,False,True,False,True,0
45,6,9103,False,True,True,False,1
56,14,235,False,False,False,False,0
48,14,3356,True,False,True,False,1
28,1,8956,False,False,True,False,1
31,8,706,True,False,True,False,1
19,12,9256,True,False,True,False,1
64,12,1758,False,False,False,True,0
60,8,698,False,True,False,True,0
22,14,2027,True,False,False,True,0
44,2,5916,True,False,False,True,1
34,5,9466,True,False,False,False,1
29,14,3578,False,False,False,False,0
54,16,2234,True,False,False,True,1
30,11,7204,False,False,False,False,0
48,6,2750,True,False,False,True,1
19,7,9941,False,False,True,False,1
51,11,6807,True,False,False,True,1
50,8,7753,True,False,True,False,1
23,14,767,False,True,True,False,0
56,13,1441,True,False,False,True,1
32,14,6233,False,True,True,False,1
20,12,1902,False,True,False,False,0
44,6,170,True,False,False,True,1
45,11,5801,True,False,False,True,1
51,1,3077,True,False,False,False,1
28,9,934,False,True,False,True,0
33,5,6727,True,False,False,False,1
47,12,5027,False,False,False,True,1
57,2,6516,False,True,True,False,1
45,2,4265,False,False,False,False,0
23,9,262,True,False,True,False,1
46,11,446,False,True,False,False,0
19,14,5673,False,False,False,False,0
46,7,6671,True,False,False,False,1
30,11,2109,True,False,False,False,0
48,13,4614,False,True,True,False,1
20,9,6799,False,False,True,False,1
36,16,4491,True,False,True,False,1
45,9,1961,False,False,True,False,1
50,7,9526,True,False,False,True,1
50,12,6606,False,True,False,True,1
27,3,5084,True,False,True,False,1
33,15,9306,False,False,True,False,1
59,13,6376,False,False,False,False,1
24,15,7538,True,False,True,False,1
27,8,6067,False,True,True,False,1
29,15,9230,True,False,True,False,1
51,1,5780,False,True,False,True,1
50,14,8426,False,False,False,True,1
32,6,6640,False,True,True,False,1
32,6,4666,False,True,True,False,1
63,3,1017,True,False,False,True,1
59,15,42,True,False,True,False,1
46,15,3804,False,False,False,True,0
40,15,756,False,True,False,False,0
20,3,4511,False,False,False,False,0
45,11,9185,False,False,False,True,1
21,3,54,False,False,False,True,0
60,10,1855,True,False,False,True,1
32,11,1284,True,False,False,False,1
53,12,7930,False,False,False,False,1
22,15,8327,True,False,True,False,1
20,6,716,False,False,False,True,0
36,16,134,True,False,False,False,1
64,11,8796,True,False,True,False,1
29,9,6737,False,False,False,True,1
50,3,4539,True,False,False,True,1
53,13,4669,True,False,True,False,1
32,6,6289,False,False,False,True,1
64,3,4048,True,False,True,False,1
18,15,3554,False,False,False,True,0
57,1,1621,False,True,False,True,0
29,12,47,True,False,True,False,1
24,1,6018,False,False,True,False,1
20,4,1625,False,False,True,False,1
47,14,9130,False,True,False,False,1
56,13,5951,True,False,False,False,1
25,11,2812,False,False,False,True,0
37,6,2859,False,True,False,False,0
27,2,316,True,False,True,False,1
32,14,4103,False,True,False,False,0
61,12,8920,False,False,False,False,1
49,15,5929,False,True,True,False,1
37,6,9229,True,False,True,False,1
34,12,6998,False,False,True,False,1
52,16,7050,False,False,False,False,1
32,12,7574,False,True,False,False,1
36,10,7513,False,True,True,False,1
61,14,2870,False,True,False,True,0
33,12,5996,True,False,False,True,1
52,3,5400,False,False,False,True,1
53,8,4447,False,True,False,True,0
32,9,9530,True,False,True,False,1
48,4,2084,False,True,False,True,0
25,14,8584,False,False,False,True,0
57,9,7334,False,True,False,False,1
31,10,8037,False,True,True,False,1
29,5,8698,False,True,False,False,0
64,14,1015,False,True,True,False,1
55,10,9816,False,True,True,False,1
34,5,8318,False,False,True,False,1
64,8,422,True,False,False,False,1
18,6,8464,False,True,False,True,0
40,4,8526,False,True,False,True,1
35,7,8575,False,True,False,False,1
34,14,2733,True,False,True,False,1
50,12,8412,False,False,False,True,1
46,5,4539,True,False,True,False,1
41,4,99,False,True,True,False,1
25,3,5863,False,True,False,True,0
47,15,7775,True,False,False,False,1
18,2,4033,False,False,True,False,0
39,9,5667,False,False,False,False,1
29,10,8324,False,True,True,False,1
37,11,1830,False,True,False,False,0
32,12,2713,False,False,False,False,0
57,13,3213,False,True,True,False,1
56,14,1797,False,False,False,False,0
23,8,6582,False,True,False,False,0
52,15,8077,True,False,False,True,1
22,14,8504,False,True,False,False,0
47,2,2074,False,False,True,False,1
54,16,2114,True,False,True,False,1
34,7,4370,False,False,True,False,1
35,5,5797,False,True,False,False,1
40,1,2689,True,False,False,True,1
42,13,8479,False,False,False,False,1
24,10,7015,False,True,True,False,1
39,8,485,False,True,True,False,1
59,9,1579,True,False,False,False,1
35,5,2496,False,False,False,False,0
53,2,4427,False,False,False,True,0
48,9,9801,True,False,False,True,1
39,8,650,True,False,False,False,1
59,13,1190,False,True,False,True,0
21,9,1475,True,False,True,False,1
32,14,2043,True,False,False,True,1
39,5,2448,False,True,False,False,0
54,5,644,False,True,False,False,0
40,9,1708,False,False,False,True,0
28,3,8343,False,True,True,False,1
54,9,4187,False,True,False,True,0
36,4,6354,False,True,True,False,1
60,1,6735,False,False,False,True,1
25,4,4478,True,False,True,False,1
25,7,8898,True,False,False,True,1
20,11,8647,False,False,True,False,1
44,1,7376,False,False,True,False,1
64,10,2139,False,False,False,False,0
59,9,267,False,False,True,False,1
35,3,3078,True,False,True,False,1
57,11,7168,False,True,False,False,1
37,5,1702,False,True,False,True,1
45,12,8352,False,True,True,False,1
43,9,93,False,False,False,True,0
36,14,7773,True,False,False,True,1
30,12,783,False,False,False,False,0
64,11,1078,True,False,False,True,1
27,12,5643,False,False,False,False,0
54,7,1054,False,True,True,False,1
51,15,5935,False,False,False,True,1
34,14,8537,True,False,False,True,1
64,15,8875,False,False,True,False,1
22,10,2868,True,False,True,False,1
52,1,6232,False,True,False,False,1
34,4,3944,False,True,False,True,0
48,3,959,False,True,True,False,1
25,16,5804,False,True,True,False,1
57,16,5151,False,True,True,False,1
60,15,5265,False,True,False,True,1
37,9,2357,False,False,False,True,0
49,12,5030,False,False,True,False,1
57,11,223,False,False,False,False,0
23,13,384,True,False,False,False,0
28,15,1867,False,True,False,True,0
38,10,5203,False,False,False,True,1
63,8,2294,True,False,False,False,1
60,12,1854,False,True,True,False,1
30,12,8880,False,False,False,False,0
40,8,8444,False,False,False,False,1
34,12,4123,True,False,False,True,1
58,8,4453,False,False,False,False,1
20,6,819,False,False,False,False,0
29,2,1472,True,False,True,False,1
45,9,4308,False,False,True,False,1
62,1,9898,False,False,False,False,1
18,13,2398,False,True,True,False,0
21,11,2093,True,False,False,True,0
30,15,6402,False,False,False,False,0
44,5,2180,True,False,False,True,1
56,4,210,False,False,False,True,0
61,11,447,True,False,False,False,1
25,16,9511,True,False,True,False,1
63,16,6439,False,False,False,True,1
64,11,7946,True,False,False,True,1
46,9,8313,False,False,True,False,1
44,10,3909,False,False,True,False,1
20,14,4768,False,False,False,False,0
18,6,9818,True,False,False,True,1
64,14,2580,False,True,False,False,0
26,12,5084,False,True,False,False,0
54,10,1081,False,False,False,True,0
38,6,5499,False,False,True,False,1
39,12,8588,True,False,True,False,1
53,4,7451,False,False,False,True,1
33,14,3110,False,False,False,False,1
52,11,5806,False,False,True,False,1
23,13,5420,False,False,False,True,0
25,12,2797,False,False,False,True,0
47,8,7252,True,False,True,False,1
50,2,2372,False,False,True,False,1
59,9,7811,False,False,False,True,1
61,11,7997,False,False,False,True,1
28,3,7166,False,False,False,True,0
52,8,7210,False,True,False,True,1
63,13,3189,False,True,False,False,1
20,12,786,False,False,False,False,0
43,7,9378,True,False,True,False,1
57,4,2918,False,False,False,True,0
35,12,2772,False,False,False,True,0
31,4,7698,True,False,False,True,1
40,15,8840,True,False,False,True,1
19,5,8596,False,True,False,False,0
38,14,6945,True,False,False,True,1
36,5,2380,True,False,True,False,1
23,7,1549,False,False,False,True,0
23,5,3340,True,False,False,True,0
34,11,8444,False,True,False,False,1
47,2,9636,False,True,False,False,1
23,8,9793,False,True,False,False,0
33,12,3931,False,True,False,False,0
56,12,6967,False,True,True,False,1
42,7,3630,True,False,False,False,1
36,16,7775,False,False,False,False,1
63,10,3766,True,False,False,False,1
56,8,9014,False,False,False,False,1
38,12,3232,True,False,True,False,1
18,5,335,False,True,False,True,0
37,14,7606,False,False,True,False,1
40,16,6696,False,True,True,False,1
24,5,7543,False,False,False,True,0
39,3,292,False,False,True,False,1
22,12,9267,False,False,False,False,0
34,3,8532,False,False,False,False,1
55,1,1995,True,False,False,False,1
35,9,6534,True,False,False,False,1
60,10,4946,False,False,True,False,1
53,4,2996,True,False,False,True,1
47,3,9617,True,False,False,True,1
24,7,509,True,False,False,True,0
18,12,8045,True,False,True,False,1
30,3,2120,False,True,False,False,0
26,1,9019,False,False,False,False,0
23,15,2548,False,False,False,True,0
19,1,5223,False,False,False,True,0
48,9,6738,True,False,False,True,1
46,5,6103,True,False,False,False,1
62,7,2110,False,False,False,False,0
38,16,6948,False,False,False,True,1
59,7,5796,False,False,False,True,1
27,5,8983,False,True,True,False,1
48,16,2257,True,False,True,False,1
53,8,8804,False,False,False,True,1
28,16,3589,True,False,False,False,0
39,3,597,False,True,False,True,0
52,1,237,False,True,False,False,0
44,2,9435,False,False,False,False,1
41,13,9304,False,False,False,False,1
18,14,5982,False,True,False,True,0
33,5,6692,True,False,False,True,1
35,9,8725,False,True,True,False,1
49,8,6942,False,False,True,False,1
54,11,9857,False,True,False,True,1
64,5,8589,True,False,False,False,1
40,3,4293,True,False,False,False,1
56,10,8416,False,True,False,False,1
18,8,8762,False,False,False,False,0
43,8,496,True,False,False,False,1
29,9,4001,False,True,False,True,0
45,15,1361,True,False,False,False,1
57,16,1410,False,True,True,False,1
51,6,9423,False,True,False,False,1
58,13,2892,True,False,False,True,1
34,2,2915,True,False,False,False,1
47,13,1760,False,True,False,True,0
38,9,7950,False,False,False,False,1
51,9,714,True,False,True,False,1
19,14,574,False,True,False,False,0
26,6,9693,True,False,False,True,1
53,4,9476,True,False,True,False,1
54,9,35,True,False,False,False,1
24,16,794,True,False,False,False,0
37,16,4294,False,False,True,False,1
20,9,8867,True,False,True,False,1
46,4,5963,True,False,False,True,1
57,10,2470,False,False,False,True,0
38,1,3600,False,False,False,True,0
19,3,5872,True,False,False,False,1
39,9,8165,False,False,True,False,1
45,6,4753,False,True,False,True,0
41,9,7770,False,False,False,True,1
27,1,4442,True,False,True,False,1
51,1,4684,True,False,True,False,1
44,15,2084,False,True,False,False,0
63,15,4264,False,True,True,False,1
51,11,9713,False,False,False,True,1
63,12,8272,False,True,False,False,1
54,5,7694,False,False,False,False,1
44,15,7643,False,True,False,True,1
35,5,3471,False,False,False,True,0
34,16,5288,False,False,False,True,1
26,5,8664,True,False,False,True,1
54,4,9600,True,False,False,False,1
47,16,6225,False,True,False,True,1
21,3,8411,False,True,False,False,0
50,15,3311,False,False,False,True,0
28,7,7371,False,False,False,False,0
38,6,1035,False,True,False,True,0
41,14,3680,True,False,False,True,1
39,13,8867,False,True,False,False,1
33,9,2377,True,False,False,False,1
50,12,1923,False,False,False,False,0
63,5,9124,False,True,True,False,1
37,13,6604,False,True,False,True,1
50,6,8332,False,False,False,True,1
34,15,8448,False,False,False,False,1
44,14,65,True,False,False,False,1
47,1,359,False,False,False,True,1
36,11,8642,False,False,False,False,1
55,11,4477,True,False,False,False,1
44,4,1063,False,True,False,False,0
60,11,7098,False,True,False,True,1
46,2,1776,False,True,True,False,1
34,10,4021,False,False,True,False,1
25,7,9113,False,False,False,False,0
47,9,5618,True,False,True,False,1
48,6,1999,False,True,True,False,1
24,10,3697,False,True,True,False,0
50,4,8313,False,False,False,False,1
62,3,2848,False,False,True,False,1
55,12,6017,False,True,False,False,1
19,11,7995,False,False,True,False,1
50,8,5864,False,True,True,False,1
52,13,6490,False,False,False,False,1
58,15,1895,False,False,True,False,1
60,3,9473,False,True,True,False,1
54,10,6762,True,False,False,True,1
29,3,9710,False,True,False,False,0
20,12,6420,False,True,True,False,1
56,13,2978,False,False,False,False,0
55,10,4589,True,False,False,False,1
59,13,3646,False,False,True,False,1
22,14,5046,True,False,False,True,1
35,14,683,True,False,False,False,1
48,1,5562,False,False,True,False,1
52,8,2571,False,True,False,False,0
22,12,672,False,False,True,False,0
31,8,9656,True,False,False,False,1
61,14,2560,False,True,False,False,0
51,14,5351,False,False,False,False,1
59,12,1031,False,False,False,True,0
24,7,9486,True,False,False,False,1
41,5,7304,False,True,False,True,1
45,8,8296,False,False,False,False,1
18,3,7004,False,True,True,False,1
62,10,7814,True,False,True,False,1
62,9,9710,False,False,False,False,1
64,12,303,True,False,False,True,1
46,12,5498,True,False,False,False,1
52,8,2255,False,True,False,True,0
24,14,1457,False,False,False,False,0
58,16,9929,False,False,False,False,1
52,13,4808,False,True,False,True,0
56,3,4041,False,False,False,False,0
34,9,1114,False,True,False,False,0
53,13,6413,False,False,True,False,1
49,7,7596,False,True,False,True,1
46,15,8681,False,False,False,False,1
29,11,8870,False,True,False,True,1
20,10,83,False,True,False,False,0
21,8,8228,True,False,False,False,1
63,15,2750,False,False,True,False,1
28,14,552,True,False,False,False,0
24,12,8987,False,True,True,False,1
62,10,3380,False,True,False,False,0
64,8,3307,True,False,True,False,1
51,13,6421,False,False,False,True,1
56,7,2585,False,True,True,False,1
53,10,2476,False,False,True,False,1
38,2,5664,False,True,False,True,1
31,11,9379,False,True,False,True,1
42,9,2915,False,True,True,False,1
38,4,3252,False,False,False,False,0
19,2,3691,True,False,True,False,1
28,1,4551,False,False,False,True,0
53,3,8291,True,False,True,False,1
46,2,5569,False,False,False,True,1
37,15,7813,True,False,False,True,1
53,9,7525,False,False,False,True,1
41,11,9813,False,True,True,False,1
64,16,1882,True,False,True,False,1
52,14,4114,False,True,False,True,0
37,15,1856,False,False,True,False,1
57,9,1419,False,False,True,False,1
55,9,7113,True,False,True,False,1
60,4,3994,False,False,False,False,0
50,10,3917,False,False,True,False,1
55,12,6593,False,False,True,False,1
33,14,879,True,False,False,False,1
43,1,7459,True,False,False,False,1
48,16,9676,True,False,False,True,1
59,14,9072,False,True,False,True,1
47,9,2496,True,False,True,False,1
44,2,3688,False,False,False,True,0
58,11,8017,False,True,True,False,1
59,12,1806,False,False,False,True,0
36,12,6008,False,False,False,False,1
35,3,6213,False,False,False,False,1
40,15,1709,False,True,False,True,0
20,1,8809,False,False,True,False,1
19,7,777,False,True,False,False,0
44,15,2630,True,False,False,True,1
40,11,6256,False,True,True,False,1
18,11,8390,True,False,False,True,1
59,1,3751,False,True,False,True,1
48,4,5037,True,False,False,False,1
29,14,4993,False,True,False,False,0
33,6,5075,True,False,False,True,1
40,10,2114,False,True,False,False,0
56,8,3670,True,False,False,True,1
33,6,6967,True,False,False,False,1
41,4,6492,True,False,False,True,1
57,16,3893,True,False,False,True,1
35,16,8763,False,True,False,True,1
29,5,4412,True,False,False,True,0
52,14,5666,True,False,True,False,1
47,10,9619,True,False,True,False,1
62,1,7715,False,False,False,True,1
38,3,5089,False,False,True,False,1
20,8,3158,False,True,True,False,0
23,16,992,False,True,False,False,0
21,13,8486,True,False,True,False,1
37,5,1733,False,True,True,False,1
53,3,4559,False,True,True,False,1
48,12,1405,True,False,True,False,1
31,2,839,False,True,True,False,1
21,5,9330,False,False,False,False,0
56,5,6558,False,False,True,False,1
28,9,7794,False,False,False,False,1
48,14,1118,False,False,False,True,0
21,7,1051,True,False,True,False,1
23,1,5270,True,False,False,True,1
35,4,6294,False,False,False,True,1
42,12,3732,False,False,False,False,0
48,1,5452,False,True,False,True,1
38,8,3695,False,True,False,False,0
27,12,7605,False,True,False,True,0
32,2,76,True,False,False,False,1
56,10,7544,False,True,True,False,1
40,9,1263,False,False,False,True,1
34,13,7737,True,False,False,True,1
64,16,7777,True,False,True,False,1
55,11,6092,False,True,True,False,1
54,16,4111,False,True,False,False,1
28,1,5349,True,False,False,False,1
51,1,9488,False,False,True,False,1
50,12,1983,True,False,True,False,1
34,12,13,False,False,False,True,0
59,12,3593,False,True,False,True,0
60,1,1769,True,False,False,False,1
44,12,4057,True,False,False,False,1
48,6,1119,False,False,False,True,1
63,9,3043,True,False,False,True,1
54,11,1696,True,False,True,False,1
27,16,6862,True,False,False,True,1
19,11,6685,False,False,False,True,0
52,16,9448,True,False,False,True,1
64,1,3395,True,False,True,False,1
24,16,3548,True,False,False,False,1
27,10,8372,False,False,False,True,0
19,11,4647,False,False,False,True,0
44,12,5309,True,False,False,True,1
50,14,4633,False,False,False,True,0
63,9,7207,False,False,True,False,1
45,13,2169,False,True,False,False,0
34,7,2666,True,False,True,False,1
55,7,3404,False,False,False,False,0
56,14,1874,True,False,False,False,1
39,2,9567,True,False,True,False,1
42,3,6705,True,False,True,False,1
32,7,5172,False,False,False,True,1
18,4,5773,True,False,False,False,1
48,10,9063,False,True,True,False,1
20,8,8009,False,True,False,True,0
18,12,2253,True,False,True,False,1
51,5,6748,True,False,False,True,1
30,16,4552,True,False,True,False,1
30,7,9190,False,False,True,False,1
35,14,2967,False,True,True,False,1
23,2,1774,False,True,False,False,0
49,10,5076,False,False,True,False,1
43,9,3447,False,False,False,False,0
47,11,6703,True,False,False,True,1
51,7,3478,False,True,False,False,0
57,7,382,False,True,True,False,1
61,11,8823,False,False,False,False,1
37,4,9826,False,True,False,True,1
23,14,5894,True,False,True,False,1
60,8,6022,True,False,False,False,1
25,1,7366,True,False,False,True,1
63,7,562,False,True,True,False,1
57,1,6144,True,False,True,False,1
21,1,4625,False,False,True,False,1
31,16,6947,False,False,False,False,1
40,6,2730,False,True,False,False,1
58,1,7446,False,False,False,False,1
31,1,8077,False,True,False,False,1
19,9,3012,True,False,False,True,0
49,6,3,False,False,False,False,0
55,3,7964,False,False,False,True,1
50,3,7829,False,False,True,False,1
21,9,5811,False,True,False,False,0
49,12,5618,False,True,False,False,1
29,6,4696,False,True,False,False,0
23,4,3570,True,False,False,True,0
23,9,7905,False,False,False,True,0
50,2,6764,False,False,False,False,1
33,14,4052,False,True,False,True,0
18,8,1549,False,False,False,False,0
54,2,3821,True,False,False,False,1
29,13,1044,False,True,False,True,0
40,5,1082,False,True,True,False,1
42,13,2283,False,False,False,True,0
41,10,5321,True,False,True,False,1
53,13,1554,False,False,False,True,0
58,9,4264,False,False,False,False,1
31,5,9825,False,True,True,False,1
51,7,1701,False,True,False,True,0
42,3,3426,False,True,False,True,0
42,13,4030,False,False,True,False,1
55,12,1831,True,False,False,True,1
50,11,5327,False,True,True,False,1
25,9,2075,False,True,True,False,0
41,3,7038,False,False,True,False,1
63,8,4172,False,False,True,False,1
42,12,6779,True,False,True,False,1
30,13,9783,False,False,True,False,1
48,14,8770,True,False,False,True,1
39,16,6523,False,True,True,False,1
38,14,750,False,True,False,True,0
48,7,2174,True,False,True,False,1
38,4,7771,True,False,False,True,1
20,8,3990,True,False,False,True,0
44,15,3318,True,False,True,False,1
18,6,5470,False,False,True,False,1
30,16,9156,True,False,True,False,1
56,9,8791,True,False,False,False,1
58,16,1274,True,False,True,False,1
47,1,8700,False,True,True,False,1
44,14,2262,False,True,False,True,0
32,8,4313,False,True,False,True,0
38,5,7289,True,False,False,True,1
28,2,976,False,True,False,False,0
26,16,6171,False,False,True,False,1
33,15,4860,False,False,False,True,0
47,13,2031,True,False,False,True,1
44,12,7238,True,False,False,False,1
21,9,9294,True,False,False,True,1
30,12,1187,True,False,True,False,1
21,16,3072,True,False,False,False,0
25,12,4999,True,False,True,False,1
53,11,3539,False,False,False,False,0
31,2,3740,False,False,False,False,0
25,1,9036,False,False,True,False,1
40,7,2674,False,True,True,False,1
37,10,9542,False,False,False,True,1
51,7,8189,False,True,False,True,1
32,6,4092,True,False,False,False,1
34,2,6962,False,True,False,True,1
21,6,2859,True,False,False,False,0
43,3,2193,True,False,False,True,1
42,14,8320,False,True,False,False,1
32,2,3220,False,True,False,True,0
58,9,4827,False,True,True,False,1
22,11,4310,True,False,True,False,1
23,4,7415,False,False,False,False,0
20,8,5402,False,False,True,False,1
47,16,4247,False,True,True,False,1
21,13,2272,False,False,False,True,0
31,8,8855,True,False,False,False,1
42,16,1089,False,True,True,False,1
63,9,3530,False,True,False,True,0
35,10,3042,False,True,False,False,1
51,4,7373,False,False,False,True,1
50,12,8475,False,False,False,False,1
22,13,8063,False,True,True,False,1
26,14,9231,False,True,False,False,0
50,3,3298,False,True,False,False,0
19,2,1635,True,False,True,False,1
23,16,5012,False,False,False,False,0
28,11,1270,True,False,False,False,0
57,5,9476,False,True,False,True,1
35,15,6342,True,False,True,False,1
57,11,487,False,False,False,False,1
60,11,3933,True,False,True,False,1
46,14,3403,False,True,False,True,0
21,2,8063,False,True,False,False,0
45,7,5122,False,False,False,True,1
45,11,2349,True,False,False,True,1
56,15,3304,False,True,True,False,1
18,7,9682,False,False,False,False,1
43,1,4020,True,False,False,False,1
35,8,9643,False,True,True,False,1
48,15,6275,True,False,True,False,1
29,12,1347,False,False,False,True,0
22,15,7405,False,False,False,True,1
43,14,1891,False,True,False,True,1
64,7,1270,False,True,False,True,0
50,9,9191,False,False,False,True,1
63,6,994,False,False,False,False,0
36,3,9705,False,True,False,True,1
59,11,6672,False,True,False,True,1
35,15,2132,False,True,False,True,0
28,1,2785,False,True,False,False,0
56,14,9883,False,False,True,False,1
19,9,7466,False,True,True,False,1
62,7,3471,False,False,False,False,0
44,1,3107,False,True,False,True,0
64,9,227,True,False,False,False,1
34,15,9003,False,True,False,False,1
44,14,3569,True,False,False,False,1
18,5,1748,False,False,True,False,0
27,15,8556,False,True,False,True,1
43,8,7388,False,False,False,True,1
20,6,9072,False,True,False,True,0
49,10,7520,False,False,False,True,1
36,11,6713,False,False,True,False,1
42,16,2573,False,True,False,True,0
31,2,6455,True,False,False,False,1
34,7,5957,False,False,True,False,1
20,3,4602,False,True,False,True,0
53,9,7749,False,True,False,False,1
38,3,1633,False,False,True,False,1
61,14,8879,False,False,False,False,1
43,4,1928,True,False,True,False,1
24,15,5273,False,False,False,False,0
47,15,4660,False,True,False,True,0
32,10,5967,False,False,True,False,1
22,5,6227,False,False,True,False,1
55,16,1089,False,True,False,False,0
58,15,2869,True,False,True,False,1
38,9,4590,False,True,False,False,1
46,14,4397,False,True,True,False,1
40,16,679,True,False,False,True,1
44,16,788,False,False,False,False,0
47,1,9415,False,True,False,False,1
52,4,7618,False,False,False,False,1
20,13,150,False,False,False,True,0
58,7,1924,False,True,True,False,1
42,16,5210,True,False,False,True,1
36,14,1903,False,False,True,False,1
63,15,8033,True,False,True,False,1
21,10,4630,True,False,False,True,0
30,12,1022,False,True,True,False,0
45,12,8861,False,True,True,False,1
31,7,915,True,False,False,True,1
22,7,4926,True,False,False,True,0
61,5,3043,True,False,False,True,1
62,7,7987,False,True,True,False,1
21,8,8779,False,False,False,True,0
23,3,1491,True,False,False,False,0
44,9,7522,False,True,False,True,1
31,2,8735,True,False,False,False,1
33,11,1152,True,False,True,False,1
26,12,3044,True,False,True,False,1
20,6,6451,True,False,True,False,1
58,2,3191,True,False,False,False,1
60,2,194,False,True,True,False,1
54,10,7249,False,True,True,False,1
39,9,1895,True,False,False,False,1
54,15,2326,False,True,False,False,0
23,11,4960,False,True,False,False,0
51,15,4768,True,False,False,False,1
41,5,8495,True,False,True,False,1
56,13,7512,False,False,True,False,1
53,5,9342,True,False,False,True,1
63,15,780,True,False,True,False,1
22,11,331,True,False,True,False,1
18,5,6262,False,False,False,True,0
59,13,4136,False,True,False,False,0
43,14,4028,False,True,True,False,1
46,3,7430,True,False,True,False,1
55,5,9413,False,True,False,False,1
53,12,3638,True,False,True,False,1
48,3,5944,False,False,True,False,1
22,1,3764,False,False,False,False,0
23,9,7409,False,False,True,False,1
30,16,9510,False,True,False,True,1
51,11,744,True,False,False,False,1
29,12,6127,True,False,True,False,1
49,4,8886,False,False,False,True,1
26,12,1251,False,False,True,False,0
25,14,8784,False,True,False,False,0
21,6,1299,True,False,True,False,1
56,12,6342,True,False,False,False,1
41,7,6976,False,False,True,False,1
63,11,6060,False,False,False,True,1
36,2,3258,True,False,True,False,1
24,16,2399,True,False,True,False,1
49,3,6468,False,False,False,True,1
44,4,5712,True,False,True,False,1
46,11,3096,False,False,False,True,0
41,8,2546,False,False,False,False,0
18,13,2942,True,False,True,False,1
25,1,3108,False,False,False,False,0
48,11,9219,False,False,False,False,1
21,3,6002,True,False,False,False,1
64,2,3379,True,False,False,True,1
57,16,103,False,True,True,False,1
52,6,925,True,False,True,False,1
19,7,7723,True,False,False,True,1
39,2,4610,False,True,False,True,0
63,16,1542,False,False,False,False,0
62,3,1620,False,False,False,False,0
41,3,2340,False,True,True,False,1
49,9,9113,True,False,False,True,1
56,1,7634,False,True,True,False,1
21,15,1841,False,True,False,False,0
26,16,9974,False,False,True,False,1
45,11,8373,True,False,False,True,1
18,7,3648,False,False,False,False,0
26,8,4487,False,True,True,False,0
38,2,8291,False,False,True,False,1
43,5,7149,False,True,False,False,1
38,12,1825,True,False,True,False,1
23,14,7231,False,True,True,False,1
29,4,8288,True,False,False,True,1
41,3,4455,False,False,False,True,0
54,7,7730,False,False,False,True,1
53,12,5197,False,False,True,False,1
20,16,5089,False,True,False,False,0
53,1,7943,False,True,True,False,1
30,15,1238,True,False,False,False,0
63,12,6834,False,True,False,False,1
40,4,3230,True,False,True,False,1
44,8,7097,True,False,False,False,1
63,5,1815,True,False,True,False,1
53,10,3571,False,True,False,True,0
28,1,9998,True,False,False,False,1
50,2,4884,True,False,False,True,1
22,13,3167,False,False,False,True,0
34,12,980,True,False,False,False,1
41,14,6552,False,True,False,True,1
45,15,4075,False,True,False,True,0
24,4,9370,False,False,True,False,1
27,7,6825,False,True,False,True,0
23,4,509,True,False,False,True,0
31,13,7719,True,False,True,False,1
58,11,6001,False,True,True,False,1
43,7,9927,True,False,False,False,1
36,9,6592,True,False,True,False,1
51,6,6611,False,True,True,False,1
45,8,2842,False,True,False,False,0
64,13,29,False,True,False,True,0
43,10,2733,False,False,True,False,1
33,8,8710,False,False,True,False,1
47,12,8868,False,True,True,False,1
25,16,9275,False,False,False,True,0
30,13,5209,False,False,True,False,1
37,1,6849,False,True,True,False,1
25,13,8406,False,False,False,True,0
19,5,4574,True,False,False,False,0
51,2,1921,False,False,True,False,1
34,4,663,False,False,True,False,1
20,10,4132,False,True,False,True,0
30,9,7451,True,False,True,False,1
46,9,5094,False,True,True,False,1
44,11,1117,True,False,False,False,1
25,8,3545,True,False,True,False,1
44,14,7654,True,False,False,True,1
53,11,5941,False,False,False,True,1
43,13,7433,True,False,False,False,1
63,9,5419,True,False,False,True,1
55,13,2027,False,False,False,False,0
60,3,1182,True,False,False,False,1
57,8,6367,False,False,False,False,1
30,13,5368,True,False,False,False,1
54,8,4431,True,False,False,True,1
53,7,7658,True,False,False,True,1
44,13,4538,False,False,False,False,0
29,9,2460,False,True,False,True,0
19,15,4914,False,True,False,True,0
42,1,2083,False,False,True,False,1
61,9,7967,True,False,False,True,1
63,1,3528,False,False,True,False,1
56,3,3255,True,False,False,True,1
49,7,5538,False,True,False,False,1
29,16,2046,False,False,True,False,0
29,6,4062,False,True,True,False,0
56,8,6813,False,True,False,False,1
43,4,5512,True,False,False,False,1
56,9,5522,True,False,False,False,1
38,14,5502,False,False,False,False,1
19,9,3109,False,True,False,False,0
60,9,8447,False,True,False,True,1
20,11,2189,False,False,True,False,0
41,6,2770,False,False,False,False,0
32,14,6968,False,True,False,True,1
31,3,6625,True,False,True,False,1
23,11,7980,False,True,False,False,0
19,14,5490,False,True,False,False,0
38,11,2390,True,False,True,False,1
34,4,30,False,False,False,True,0
42,7,4746,False,True,True,False,1
40,11,1507,False,True,True,False,1
36,11,5191,False,True,False,True,1
20,9,6858,False,True,False,False,0
64,14,2252,False,True,False,False,0
35,4,8253,False,False,False,False,1
34,4,2802,False,False,True,False,1
29,14,5656,True,False,True,False,1
26,6,3201,True,False,False,False,1
31,9,5572,True,False,False,True,1
53,6,5069,False,False,True,False,1
41,2,4297,False,False,False,True,0
64,5,8723,False,False,False,True,1
29,5,3851,False,False,False,False,0
57,2,398,True,False,True,False,1
34,5,6421,False,False,False,True,1
24,12,323,False,True,False,False,0
47,10,1582,False,True,False,True,0
43,8,8393,False,True,False,True,1
64,4,2288,False,False,True,False,1
29,8,5234,True,False,True,False,1
27,2,6966,False,True,True,False,1
48,15,5634,False,False,True,False,1
48,4,1961,False,False,False,True,0
18,8,582,False,True,False,False,0
19,16,1283,False,False,True,False,0
32,14,5657,True,False,False,True,1
61,15,613,True,False,False,False,1
30,14,5797,False,True,False,True,0
23,7,9879,False,False,True,False,1
42,8,6494,True,False,False,True,1
19,5,1737,False,True,False,False,0
31,15,5842,False,False,False,True,1
63,8,7989,True,False,False,False,1
40,16,4983,False,True,False,False,0
52,5,7026,True,False,False,False,1
22,7,4456,False,True,True,False,0
29,5,4526,False,False,False,True,0
64,8,5165,False,False,False,False,1
55,15,5182,True,False,False,False,1
44,14,5888,False,False,True,False,1
40,6,8643,False,False,True,False,1
35,3,5511,False,False,False,False,1
24,16,627,True,False,False,True,0
26,6,8444,False,False,False,False,0
33,10,3148,False,False,False,True,0
20,5,7422,False,False,False,False,0
28,15,4256,True,False,True,False,1
34,4,414,True,False,False,False,1
51,15,9119,False,False,False,False,1
23,13,5193,False,False,True,False,1
30,15,5076,False,True,False,True,0
38,8,8984,True,False,False,True,1
43,3,9191,True,False,False,True,1
32,3,4134,False,False,True,False,1
54,12,391,False,False,False,False,0
61,12,863,False,False,True,False,1
28,3,6648,True,False,True,False,1
42,3,4815,False,False,False,False,0
60,6,1517,False,False,True,False,1
49,8,2651,True,False,True,False,1
60,2,6353,False,True,False,True,1
27,13,8383,False,False,False,False,0
45,13,9618,True,False,False,False,1
24,11,6587,False,True,False,True,0
51,4,4298,True,False,False,False,1
61,1,1232,False,True,False,True,0
56,10,727,False,False,False,True,0
50,9,4979,False,True,False,False,0
48,1,1653,False,False,False,False,1
41,1,2444,False,True,True,False,1
21,6,2704,True,False,False,True,0
46,4,5559,False,False,False,True,1
29,12,3671,False,False,False,True,0
41,12,1276,False,True,False,False,0
28,12,3326,False,False,True,False,1
38,5,2823,False,True,True,False,1
54,5,1290,False,False,False,True,0
25,7,5671,True,False,True,False,1
40,15,8011,False,True,False,True,1
50,8,2962,False,True,False,False,0
29,7,9705,False,True,False,True,0
31,3,957,False,False,False,False,0
34,11,8463,False,True,True,False,1
22,9,5518,False,True,False,False,0
21,6,7348,False,False,False,False,0
43,6,193,False,False,False,True,0
33,3,8743,True,False,False,False,1
52,12,7365,False,True,True,False,1
22,13,732,False,True,True,False,0
45,13,1515,False,False,True,False,1
25,9,8836,False,True,False,True,0
49,6,6725,True,False,True,False,1
36,6,5449,True,False,False,False,1
37,9,2864,True,False,True,False,1
33,13,817,False,False,False,True,0
38,4,7555,False,False,False,True,1
28,2,9752,True,False,False,False,1
33,15,8701,False,False,False,True,1
55,12,4471,True,False,False,True,1
52,14,9662,False,False,False,False,1
58,10,6230,True,False,True,False,1
24,5,4820,False,True,False,False,0
40,14,5584,False,True,False,True,1
34,11,8981,False,True,False,False,1
43,7,8175,True,False,True,False,1
57,9,5477,False,True,True,False,1
59,13,1964,True,False,False,True,1
60,4,7563,True,False,False,True,1
41,12,8390,True,False,True,False,1
23,9,1214,True,False,False,True,0
21,7,6925,False,False,True,False,1
32,1,4482,False,False,False,True,0
21,3,3599,False,False,False,True,0
60,2,6484,True,False,False,True,1
26,4,3961,False,True,False,True,0
48,16,9472,False,False,False,True,1
21,5,3417,True,False,False,False,0
32,4,7311,False,False,True,False,1
21,4,5326,False,True,False,False,0
41,11,2282,False,False,False,False,0
26,4,4324,True,False,True,False,1
59,13,4288,False,True,True,False,1
56,13,8829,True,False,True,False,1
49,3,645,False,True,False,True,0
38,2,3738,False,False,True,False,1
20,6,7511,False,True,True,False,1
56,13,8573,False,False,False,True,1
35,7,6382,True,False,False,False,1
53,14,624,False,True,False,True,0
41,13,7996,False,True,False,False,1
18,16,7194,False,False,False,False,0
34,12,7533,True,False,True,False,1
58,7,818,False,False,False,True,0
56,1,4697,False,False,True,False,1
57,10,1948,False,True,True,False,1
47,15,5697,False,False,True,False,1
31,9,6186,False,False,False,False,1
32,9,5083,True,False,False,False,1
46,8,1665,False,True,True,False,1
20,12,4107,False,False,True,False,0
56,16,3672,False,True,False,False,1
44,15,8860,False,True,False,True,1
51,5,1429,True,False,False,False,1
46,13,3844,False,False,False,True,0
22,16,3383,True,False,False,True,0
44,12,2580,True,False,False,False,1
63,7,9571,False,False,False,True,1
45,11,4638,True,False,False,True,1
19,7,2566,True,False,False,True,0
21,16,3865,False,False,True,False,0
39,11,6824,False,False,True,False,1
27,4,8334,True,False,True,False,1
33,11,8841,False,False,False,False,1
34,1,7101,False,False,True,False,1
40,14,3542,False,False,True,False,1
57,7,4492,False,False,False,False,0
23,13,3059,False,False,False,False,0
40,1,3073,False,True,False,True,0
50,3,6449,True,False,True,False,1
20,12,5371,False,False,False,False,1
31,11,3500,True,False,True,False,1
62,2,4068,True,False,True,False,1
37,14,6591,False,False,True,False,1
62,8,6431,False,True,False,True,1
54,9,4155,True,False,True,False,1
28,1,8257,False,True,False,False,0
61,10,2485,False,True,False,True,0
41,8,8172,False,True,False,True,1
46,2,7157,False,False,False,False,1
49,16,7653,False,True,False,True,1
29,13,1949,False,False,True,False,0
41,2,2499,True,False,False,False,1
63,14,6096,True,False,True,False,1
23,13,126,True,False,False,True,0
25,13,2875,False,False,False,False,0
26,1,5717,False,False,False,True,1
45,7,2899,False,False,True,False,1
28,15,7289,True,False,False,True,1
31,10,9675,False,True,False,False,1
25,8,2321,False,False,False,False,0
18,6,2970,False,True,True,False,1
22,3,1439,True,False,True,False,1
58,7,1049,True,False,True,False,1
51,2,7562,False,False,True,False,1
31,9,5338,False,False,False,False,1
57,4,3336,False,False,False,False,0
51,10,2402,True,False,True,False,1
55,7,3239,True,False,True,False,1
18,2,4687,False,False,False,False,0
62,12,2664,False,False,False,True,0
62,3,8309,False,False,False,True,1
55,9,6279,False,True,False,False,1
45,12,528,False,True,False,False,0
44,11,6394,False,False,False,False,1
43,3,4473,False,True,True,False,1
44,4,9132,True,False,True,False,1
60,13,9061,False,False,True,False,1
58,6,3578,False,False,True,False,1
21,11,4493,False,False,False,False,0
34,14,5080,False,False,False,True,1
46,12,6670,False,False,True,False,1
49,7,102,True,False,True,False,1
43,4,9908,True,False,True,False,1
40,9,2287,True,False,True,False,1
19,2,3634,False,False,False,False,0
45,6,9248,True,False,True,False,1
55,11,3140,True,False,True,False,1
27,16,6601,True,False,True,False,1
60,15,1635,False,False,False,False,0
39,12,1591,False,False,False,True,0
32,9,7183,False,True,False,True,1
49,5,2551,False,False,False,True,0
43,7,6259,False,True,False,False,1
48,9,8291,False,False,True,False,1
46,15,5166,False,False,False,True,1
44,10,9278,False,False,False,False,1
31,4,8785,False,True,False,True,1
41,7,7488,False,True,False,False,1
64,13,3256,True,False,False,False,1
31,4,9001,False,False,True,False,1
53,9,4290,False,False,True,False,1
55,8,8356,False,True,False,False,1
57,16,4457,False,False,False,False,0
20,12,9931,False,True,False,False,0
50,9,3930,False,False,False,False,0
28,13,9600,True,False,False,True,1
31,15,418,False,True,False,False,0
57,1,4122,True,False,False,True,1
41,13,8943,True,False,False,True,1
63,1,3343,False,False,True,False,1
33,12,6873,False,True,True,False,1
47,15,826,False,True,False,True,0
35,6,1187,False,False,True,False,1
21,3,6390,False,True,False,True,0
61,12,9974,True,False,True,False,1
37,12,8808,True,False,False,False,1
57,6,9576,True,False,False,True,1
27,14,7079,False,True,False,True,1
37,10,9932,True,False,False,True,1
32,9,9134,True,False,True,False,1
55,6,2908,True,False,True,False,1
49,16,5247,True,False,False,True,1
19,5,631,True,False,False,True,0
28,3,8652,True,False,True,False,1
45,11,935,False,False,True,False,1
61,5,6002,False,True,False,False,1
35,14,7332,False,False,True,False,1
25,7,9271,False,False,True,False,1
39,3,6082,False,False,False,True,1
37,10,951,False,True,False,True,0
59,1,181,False,False,False,True,0
37,15,3432,False,True,False,False,1
59,8,6390,True,False,True,False,1
63,7,3303,False,True,False,False,0
54,6,5731,True,False,False,False,1
22,12,2632,False,True,False,True,0
58,5,4892,False,True,False,False,0
56,11,4160,False,True,False,True,1
34,10,3032,False,False,False,False,0
41,1,6809,False,True,False,False,1
40,9,6583,True,False,True,False,1
63,3,7605,True,False,True,False,1
22,3,4323,False,True,False,False,0
52,2,4010,True,False,True,False,1
58,5,6446,False,False,False,False,1
18,10,516,True,False,True,False,1
60,14,3066,True,False,True,False,1
55,10,2216,False,False,False,True,0
36,4,4338,False,True,True,False,1
47,15,7762,False,True,False,False,1
31,13,2429,False,True,True,False,1
59,2,6820,True,False,False,True,1
58,5,6869,False,True,False,True,1
62,9,6775,False,False,True,False,1
20,2,5060,True,False,False,False,1
45,10,7513,False,False,False,True,1
38,3,8452,True,False,True,False,1
55,1,6908,True,False,True,False,1
60,8,8913,False,False,False,True,1
32,15,4684,False,False,True,False,1
51,8,8576,True,False,False,False,1
64,4,1901,True,False,False,False,1
64,12,8713,False,True,False,False,1
35,16,6182,False,True,True,False,1
60,6,6744,False,True,False,True,1
31,8,79,False,False,False,False,0
32,16,2708,False,True,False,False,0
26,8,7666,False,True,True,False,1
21,4,1783,False,False,True,False,0
47,6,8748,True,False,False,True,1
18,12,719,False,False,True,False,0
19,5,1775,True,False,True,False,1
29,8,3721,False,True,False,True,0
43,13,8769,True,False,False,True,1
39,5,6811,True,False,False,False,1
45,12,2466,False,False,False,True,0
35,6,7963,False,True,False,True,1
23,16,1550,True,False,True,False,1
39,6,5798,False,True,True,False,1
55,10,3956,False,False,False,True,0
61,3,8208,True,False,False,False,1
22,6,3887,False,True,False,True,0
33,6,6489,False,False,True,False,1
48,14,9476,False,True,False,True,1
60,16,264,False,True,False,False,0
24,3,8712,False,False,False,True,0
34,16,1625,True,False,False,False,1
29,11,6633,True,False,True,False,1
49,3,6633,True,False,False,False,1
40,1,89,True,False,True,False,1
50,16,3098,True,False,True,False,1
48,11,1538,False,False,True,False,1
35,11,131,True,False,False,True,1
64,2,871,True,False,True,False,1
57,3,6775,False,False,False,False,1
27,9,4112,False,False,True,False,0
54,11,9438,False,True,False,True,1
53,16,7834,False,False,False,False,1
33,7,1816,True,False,False,False,1
37,14,2238,False,True,False,False,0
35,16,3824,False,True,False,True,0
39,2,7400,False,True,False,False,1
24,3,8735,True,False,False,True,1
61,16,2182,False,False,False,False,0
44,10,5840,False,True,False,False,1
46,2,1375,True,False,False,True,1
61,7,7546,False,False,False,True,1
20,15,5822,True,False,False,False,1
60,5,8563,False,False,False,False,1
37,1,5042,False,True,True,False,1
53,4,1265,False,False,False,False,0
